(EDP 4.31) name (sample #1 - #452) all events/metrics are normalized per second unless stated otherwise,socket 0,socket 1
metric_CPU operating frequency (in GHz),2.7973697973641456,1.3395122274819147
metric_CPU utilization %,1.8255155875645959,0.05099635023554121
metric_CPU utilization% in kernel mode,0.03956604466229593,0.039998370230672556
metric_cycles per txn,30102.311734648123,402.670857163961
metric_kernel_CPI,7.233693010040969,10.476657842238309
metric_EMON event mux reliability% (>95% good),99.69227006546579,98.27586604770472
metric_branch mispredict ratio,0.0004466199575080811,0.0700971136318074
metric_loads per txn,36070.07784880964,177.25879621815062
metric_stores per txn,18038.392459025654,119.6085650714452
metric_locks retired per txn,0.47510647576028237,0.12688787227554646
metric_uncacheable reads per txn,0.00021040003669316523,7.514287024755901e-06
metric_streaming stores (full line) per txn,0.0,0.0
metric_streaming stores (partial line) per txn,0.0,3.0045005282213633e-05
metric_L1D misses per txn (includes data+rfo w/ prefetches),6301.5307404784,1.5747885784632034
metric_L1D demand data read hits per txn,29978.903341425525,9.890191066496689
metric_L1I code read misses (includes prefetches) per txn,9.246754822092011,4.379086043780961
metric_L2 demand data read hits per txn,4200.328233197127,0.18961856725906684
metric_L2 misses per txn (includes code+data+rfo w/ prefetches),12.549680875036225,6.39499434069574
metric_L2 demand data read misses per txn,0.9642637660370827,0.4256386534761465
metric_L2 demand code misses per txn,7.043129811279804,3.5985507589178987
metric_L2 Any local request that HITM in a sibling core per txn,0.11196369086412966,0.0037609706170497943
metric_L2 Any local request that HIT in a sibling core and forwarded per txn,0.037876613762675676,0.030047324392128986
metric_L2 all L2 prefetches per txn,998.4980590052276,1.077635359363147
metric_L2 % of all lines evicted that are unused prefetches,0.03136838979205855,0.02777375270248678
metric_L2 % of L2 evictions that are allocated into L3,92.6810210105921,98.76063023271145
metric_L2 % of L2 evictions that are NOT allocated into L3,7.318978989407884,1.2393697672885495
metric_LLC code references per txn (L3 prefetch excluded),8.843583530444906,6.878409496433267
metric_LLC data read references per txn (L3 prefetch excluded),3.2338296554810992,3.1349263175311393
metric_LLC RFO references per txn (L3 prefetch excluded),0.7826082823990198,0.6109416945586944
metric_LLC misses per txn (includes code+data+rfo w/ prefetches),1.1292355878603797,2.0864830696426955
metric_LLC data read (demand+prefetch) misses per txn,0.8033053185006944,1.8419791929573461
metric_LLC RFO read (demand+prefetch) misses per txn,0.32487873439484,0.24450387668534954
metric_LLC code read (demand+prefetch) misses per txn,0.0010515349648454904,0.0
metric_LLC LLC prefetches per txn,0.0,0.0
metric_LLC total HITM per txn (excludes LLC prefetches),0.05120632027232122,0.06037458210363288
metric_LLC total HIT clean line forwards per txn (excludes LLC prefetches),0.038857893480987137,0.04454658550871181
metric_LLC % of LLC misses satisfied by remote caches,7.975679718344479,5.028613418383123
metric_Average LLC data read (demand+prefetch) miss latency (in ns),23.135319351727876,18.084595448738796
metric_Average LLC data read (demand+prefetch) miss latency for LOCAL requests (in ns),17.055658791879754,14.27993380357326
metric_Average LLC data read (demand+prefetch) miss latency for REMOTE requests (in ns),144.9018495830392,149.84141285771935
metric_Average LLC RFO (demand+prefetch) miss latency (in ns),39.76215913469457,44.65065925703801
metric_Average LLC RFO (demand+prefetch) miss latency for REMOTE requests (in ns),166.35012230653567,162.4502161692978
metric_SF snoop filter capacity evictions per txn,2.4263506764783052e-05,0.0
metric_SF % of L3 accesses that result in SF capacity evictions,0.0001933396315522885,0.0
metric_ITLB misses per txn,0.14479932632144238,0.09993309318776103
metric_ITLB large page misses per txn,0.045076555338225646,0.040937714813086105
metric_DTLB load misses per txn,0.3199731482126308,0.28656509122713764
metric_DTLB 4KB page load misses per txn,0.2778531112335842,0.2535695792552669
metric_DTLB 2MB large page load misses per txn,0.03340805698549309,0.026330078810600475
metric_DTLB 1GB large page load misses per txn,0.008711979993553533,0.006665433161270294
metric_DTLB store misses per txn,0.037179211760268206,0.024300531055590373
metric_DTLB load miss latency (in core clks),76.37829912023459,57.96595720657146
metric_DTLB store miss latency (in core clks),119.16008456594187,102.91577233019203
metric_ITLB miss latency (in core clks),44.76360429527417,37.79239326518342
metric_NUMA %_Reads addressed to local DRAM,94.90030370883943,94.41961313416954
metric_NUMA %_Reads addressed to remote DRAM,5.099696291160574,5.580386865830449
metric_NUMA %_RFOs addressed to local DRAM,95.63938932990396,89.94181000360092
metric_NUMA %_RFOs addressed to remote DRAM,4.360610670096033,10.058189996399072
metric_uncore frequency GHz,2.400691046495106,2.3033004466880764
metric_UPI speed - GT/s,10.421572513183602,10.427029565705467
metric_UPI Data transmit BW (MB/sec) (only data),0.8933341724099068,0.9884176761609793
metric_UPI Transmit utilization_% (includes control),0.005478863286548736,0.005451301261589028
metric_UPI % cycles transmit link is half-width (L0p),0.0,99.4488946263393
metric_UPI % cycles receive link is half-width (L0p),99.44895286693061,0.0
metric_HA - Reads vs. all requests,0.518663726210896,0.6099492809004377
metric_HA - Writes vs. all requests,0.48133627378910393,0.3900507190995623
metric_HA % of all reads that are local,94.39370078740158,82.17336826517825
metric_HA % of all writes that are local,12.69302562362125,7.837548984681153
metric_HA conflict responses per txn,6.0123518732220556e-05,0.0
metric_HA directory lookups that spawned a snoop (per txn),0.04299208412959279,0.03538977954473381
metric_HA directory lookups that did not spawn a snoop (per txn),0.03102521535125253,0.00515334085495381
metric_M2M directory updates (per txn),0.11751877911599701,0.08143772748480577
metric_M2M XPT prefetches (per txn),-0.11391292509791247,-0.028947341588002613
metric_M3UPI UPI prefetches (per txn),0.16199673223417274,0.08342075471882059
metric_M2M useless XPT-UPI prefetches (per txn),0.04463827276451143,0.042527276353651215
metric_DDR data rate (MT/sec),2671.77690260831,2673.5070461544283
metric_memory bandwidth read (MB/sec),7.767694780899787,6.720271452178966
metric_memory bandwidth write (MB/sec),7.191319594715566,6.0906229837793076
metric_memory bandwidth total (MB/sec),14.959014375615352,12.810894435958273
metric_memory extra read b/w due to XPT prefetches (MB/sec),0.2714006984082295,0.2585658402301994
metric_memory extra write b/w due to directory updates (MB/sec),0.7145141770252618,0.49514138310761907
metric_DCPMEM_memory_mode % of non-inclusive writes to near memory,0.0,0.0
metric_DCPMEM_memory_mode near memory cache read miss rate%,0.0,0.0
metric_memory RPQ read latency (ns),24.107950358956206,37.05248935980527
metric_memory WPQ write latency (ns),910275.010296745,175862.7090619949
metric_memory avg entries in RPQ,0.00011554734890627912,9.20891957367784e-05
metric_memory avg entries in RPQ when not empty,1.262706856290506,1.4236929049169882
metric_memory % cycles when RPQ is empty,99.99084923406167,99.99353166715808
metric_memory % cycles when RPQ has 1 or more entries,0.009150765938321285,0.006468332841916346
metric_memory % cycles when RPQ has 10 or more entries,4.7183518406877004e-07,4.999995649673983e-06
metric_memory % cycles when RPQ has 20 or more entries,0.0,0.0
metric_memory % cycles when RPQ has 40 or more entries,0.0,0.0
metric_memory avg time (dclk) RPQ not empty,36.692981984210356,40.42490357715527
metric_memory avg time (dclk) RPQ empty,400945.93766916887,624925.9236923425
metric_memory avg time with 40 or more entries,NaN,NaN
metric_memory avg time with less than 40 entries),Infinity,Infinity
metric_3DXP_memory bandwidth read (MB/sec),0.0,0.0
metric_3DXP_memory bandwidth write (MB/sec),0.0,0.0
metric_3DXP_memory bandwidth total (MB/sec),0.0,0.0
metric_3DXP memory RPQ read latency (ns),NaN,NaN
metric_3DXP avg entries in RPQ,0.0,0.0
metric_3DXP avg entries in RPQ when not empty,NaN,NaN
metric_3DXP % cycles when RPQ is empty,100.0,100.0
metric_3DXP % cycles when RPQ has 1 or more entries,0.0,0.0
metric_3DXP % cycles when RPQ has 10 or more entries,0.0,0.0
metric_3DXP % cycles when RPQ has 24 or more entries,0.0,0.0
metric_3DXP % cycles when RPQ has 36 or more entries,0.0,0.0
metric_3DXP avg time (dclk) RPQ not empty,NaN,NaN
metric_3DXP avg time (dclk) RPQ empty,Infinity,Infinity
metric_3DXP avg time (dclk) with 36 or more entries in RPQ,NaN,NaN
metric_3DXP avg time (dclk) with less than 36 entries in RPQ,Infinity,Infinity
metric_3DXP memory WPQ write latency (ns),NaN,NaN
metric_3DXP avg entries in WPQ,0.0,0.0
metric_3DXP avg entries in WPQ when not empty,NaN,NaN
metric_3DXP % cycles when WPQ has 1 or more entries,0.0,0.0
metric_3DXP % cycles when WPQ has 10 or more entries,0.0,0.0
metric_3DXP % cycles when WPQ is empty,100.0,100.0
metric_3DXP % cycles when WPQ has 20 or more entries,0.0,0.0
metric_3DXP % cycles when WPQ has 30 or more entries,0.0,0.0
metric_3DXP avg time (dclk) WPQ not empty,NaN,NaN
metric_3DXP avg time (dclk) WPQ empty,Infinity,Infinity
metric_3DXP avg time (dclk) with 30 or more entries in WPQ,NaN,NaN
metric_CHA % cyles Fast asserted,8.97144441461066e-05,0.0005149914157918364
metric_3DXP avg time (dclk) with less than 30 entries in WPQ,Infinity,Infinity
metric_CHA RxC IRQ latency (ns),3.4407875180943717,6.026327242571045
metric_CHA RxC IRQ avg entries,0.0002638949297064769,0.00025259211357810146
metric_CHA RxC IRQ % cycles when Q has 18 or more entries,3.85168245852484e-06,1.8670005196110116e-05
metric_M2M avg entries in TxC AD Q,0.0,0.0
metric_M2M avg entries in TxC BL Q,1.6382483538105523e-06,1.454808776297652e-06
metric_M2M RxC AD latency (ns),0.047245483293052094,0.10998494783018103
metric_M2M RxC AD avg entries,2.6396071298846167e-08,4.525626074378534e-08
metric_M2M RxC BL latency (ns),3.819723171455164,3.960423817646308
metric_M2M RxC BL avg entries,3.809461480789894e-06,3.0658987142745373e-06
metric_IO_bandwidth_disk_or_network_writes (MB/sec),1.3070875929027348,0.0
metric_IO_bandwidth_disk_or_network_reads (MB/sec),0.002536873439961096,0.0
metric_IO_number of partial PCI writes per sec,8.56717739295345,4.283588696476725
metric_IO_read cache miss(disk/network writes) bandwidth (MB/sec),0.07892454201741972,0.0
metric_IO_write cache miss(disk/network reads) bandwidth (MB/sec),0.008860016393268727,0.0
metric_IONUMA % disk/network reads addressed to local memory,100.0,NaN
metric_IONUMA % disk/network reads addressed to remote memory,0.0,NaN
metric_MMIO reads per txn,0.0004731408130589595,0.0
metric_MMIO writes per txn,0.0005257438830523289,0.000525743883052329
metric_memory reads vs. all requests,0.5192651458081279,0.5245747270632536
metric_memory Page Empty vs. all requests,0.0004243444064379463,2.6735509935491525e-05
metric_memory Page Misses vs. all requests,0.8482438618165027,0.8966662264173613
metric_memory Page Hits vs. all requests,0.1513317937770594,0.10330703807270325
metric_memory % Cycles where all DRAM ranks are in PPD mode,0.0,0.0
metric_memory % Cycles Memory is in self refresh power mode,0.0,0.0
metric_ItoM operations (fast strings) that reference LLC per txn,0.6739052676573669,0.4534869562811663
metric_ItoM operations (fast strings) that miss LLC per txn,0.6522120486521572,0.44022998911131594
metric_% Uops delivered from decoded Icache (DSB),99.71661479714967,10.404242877912601
metric_% Uops delivered from legacy decode pipeline (MITE),0.18731434329264746,42.16915938777692
metric_% Uops delivered from microcode sequencer (MS),0.09607085955769082,47.42659773431049
metric_% Uops delivered from loop stream detector (LSD),0.0,0.0
metric_FP scalar single-precision FP instructions retired per txn,0.0,0.0
metric_FP scalar double-precision FP instructions retired per txn,0.0019235132210262942,3.0054894078535847e-05
metric_FP 128-bit packed single-precision FP instructions retired per txn,0.0,0.0
metric_FP 128-bit packed double-precision FP instructions retired per txn,0.0,0.0
metric_FP 256-bit packed single-precision FP instructions retired per txn,0.0,0.0
metric_FP 256-bit packed double-precision FP instructions retired per txn,0.0,0.0
metric_FP 512-bit packed single-precision FP instructions retired per txn,0.0,0.0
metric_FP 512-bit packed double-precision FP instructions retired per txn,0.0,0.0
metric_DRAM power (watts),20.68631558400971,20.25771442244755
metric_package power (watts),55.53035452374365,44.523144069497434
metric_core c6 residency %,94.36693887771338,99.24659584651984
metric_package c2 residency %,0.0,96.06085196908236
metric_package c6 residency %,0.0,0.0
metric_core SW prefetch NTA per txn,0.0,0.0
metric_core uncacheable access and clflushes per txn,0.00022646704790837467,0.00022646704790837467
metric_core PAUSE instr executions per txn,1.4877955652368062,0.029331309969032732
metric_core % cycles core power throttled,0.01097653145033647,0.0
metric_core % cycles in non AVX license,100.0,100.0
metric_core % cycles in AVX2 license,0.0,0.0
metric_core % cycles in AVX-512 license,0.0,0.0
metric_SMI number of SMIs per sec,0.0,0.0
metric_core initiated local dram read bandwidth (MB/sec),0.26396160168910265,0.047714906376943825
metric_core initiated remote dram read bandwidth (MB/sec),0.7686894247424397,0.6841267389911476
metric_core initiated local DCPMEM read bandwidth (MB/sec),0.0,0.0
metric_core initiated remote DCPMEM read bandwidth (MB/sec),0.0,0.0
metric_M3UPI avg all VN0 entries,2.3064515064888887e-05,2.1645497772372624e-05
metric_M3UPI % cycles when all VN0 has 1 or more entries,0.0020424884776124573,0.0017976823177734364
metric_M3UPI % cycles when all VN0 has 10 or more entries,0.0,8.966199479907392e-07
metric_M3UPI % cycles when all VN0 has 30 or more entries,0.0,0.0
metric_M3UPI % cycles when all VN0 has 50 or more entries,0.0,0.0
metric_TMAM_Info_CoreIPC,3.7199186683414,0.21935814122219457
metric_TMAM_Info_Memory Level Parallelism,1.8189769750775244,2.085944811970288
metric_TMAM_Info_L1D_Load_Miss_Latency(ns),2.4116157166686407,39.37531037438324
metric_TMAM_Info_cycles_both_threads_active(%),0.5525992298794358,37.0176674314862
metric_TMAM_Frontend_Bound(%),1.1978162876305731,64.57149669557741
metric_TMAM_..Frontend_Latency(%),0.40030054456245384,11.919945221596523
metric_TMAM_....ICache_Misses(%),0.17280697432630035,6.3253624598516485
metric_TMAM_....ITLB_Misses(%),0.06021753399452109,3.128267491790662
metric_TMAM_....Branch_Resteers(%),0.3261158662969178,9.30204667820397
metric_TMAM_......Mispredicts_Resteers(%),0.2166719106186736,4.501459789497784
metric_TMAM_......Clears_Resteers(%),0.0030981806862528344,0.8353476845652567
metric_TMAM_......Unknown_Branches_Resteers(%),0.1063457749919914,3.965239204140929
metric_TMAM_....DSB_Switches(%),0.05088870116082465,0.27888924048089586
metric_TMAM_....MS_Switches(%),0.09331915735855553,3.6890952839912003
metric_TMAM_..Frontend_Bandwidth(%),0.7975157430681192,52.65155147398088
metric_TMAM_Bad_Speculation(%),0.47238217001045596,3.6577813095248293
metric_TMAM_..Branch_Mispredicts(%),0.46572282293112116,3.0852444206811707
metric_TMAM_..Machine_Clears(%),0.006659347079334787,0.5725368888436587
metric_TMAM_Backend_bound(%),19.729965795002613,26.248213610639255
metric_TMAM_..Memory_Bound(%),1.3081711301190064,12.974709363908275
metric_TMAM_....L1_Bound(%),0.7289518061121265,20.814124871505776
metric_TMAM_......DTLB_Load(%),0.09395581143610787,4.4174594938547616
metric_TMAM_......Store_Fwd_Blk(%),0.012039492379649344,0.1442417631400482
metric_TMAM_......Lock_Latency(%),4.069239080560161e-06,0.005022584007780548
metric_TMAM_....L2_Bound(%),0.10951411784052015,1.050737266201446
metric_TMAM_....L3_Bound(%),0.1798023533134881,4.226370494467987
metric_TMAM_......Contested_Accesses(%),0.022599013263791875,0.14515005866893058
metric_TMAM_......Data_Sharing(%),0.0007810452119874369,0.0005614259529600115
metric_TMAM_......L3_Latency(%),0.542124837758986,20.817503012273168
metric_TMAM_......L3_Bandwidth(%),0.006332282949326266,0.10586021431345674
metric_TMAM_......SQ_Full(%),0.05233621124077904,0.6095789768032757
metric_TMAM_....MEM_Bound(%),0.04953985996406971,1.423017868802982
metric_TMAM_......MEM_Bandwidth(%),0.0003152497380117837,0.019494524559742862
metric_TMAM_......MEM_Latency(%),0.060806936003577436,1.7815531476933761
metric_TMAM_....Stores_Bound(%),0.0264246177793604,1.2365692195893023
metric_TMAM_......DTLB_Store(%),0.017700666822164444,0.6384124766655725
metric_TMAM_..Core_Bound(%),18.421794664883606,13.273504246730983
metric_TMAM_....Divider(%),0.0042475037742015056,0.10716084625633607
metric_TMAM_....Ports_Utilization(%),15.409093400908725,29.412923014638977
metric_TMAM_......0_Ports_Utilized(%),4.57038988507454,41.075766809814375
metric_TMAM_......1_Port_Utilized(%),4.573599649797864,4.9081391726521595
metric_TMAM_......2_Ports_Utilized(%),11.609563660894057,3.502699967130978
metric_TMAM_......3m_Ports_Utilized(%),80.27664386710114,4.647335473169873
metric_TMAM_Retiring(%),78.59983574735637,5.5225083842585
metric_TMAM_..Base(%),78.52402620360704,3.191433803865035
metric_TMAM_....FP_Arith(%),0.00018130841868255098,0.06860941764794554
metric_TMAM_....Other(%),99.99981869158132,99.93139058235205
metric_TMAM_..Microcode_Sequencer(%),0.0758095437493315,2.3310745803934654
metric_EDP CLX XML version,4.0,4.0
ARITH.DIVIDER_ACTIVE,1.278596827051082,0.43150549816454287
BACLEARS.ANY,3.556948522746301,1.7740958546573005
BR_INST_RETIRED.ALL_BRANCHES,22574.655266635385,8.054278172294
BR_MISP_EXEC.ALL_BRANCHES,10.475438490972323,0.8253031529920156
BR_MISP_EXEC.ANY_RETURN_NEAR,0.05201534656570886,0.03390051187411217
BR_MISP_RETIRED.ALL_BRANCHES,10.082291575944275,0.5645816522654785
CORE_POWER.LVL0_TURBO_LICENSE,59943.352032301744,399.83471282345306
CORE_POWER.LVL1_TURBO_LICENSE,0.0,0.0
CORE_POWER.LVL2_TURBO_LICENSE,0.0,0.0
CORE_POWER.THROTTLE,3.304189714831977,0.0
CORE_SNOOP_RESPONSE.RSP_IFWDFE,0.053185606828404446,0.046391824934265184
CORE_SNOOP_RESPONSE.RSP_IFWDM,0.06868998765110083,0.028776519023032684
CORE_SNOOP_RESPONSE.RSP_IHITFSE,0.4510655348640535,0.33988923362805146
CORE_SNOOP_RESPONSE.RSP_IHITI,0.4112042305559855,0.3680090128547134
CORE_SNOOP_RESPONSE.RSP_SFWDFE,0.055480271422927316,0.038675178270612884
CORE_SNOOP_RESPONSE.RSP_SFWDM,0.09337406186647342,0.0016660941311817698
CORE_SNOOP_RESPONSE.RSP_SHITFSE,0.003299836920010495,6.470268470608814e-05
CPU_CLK_THREAD_UNHALTED.ONE_THREAD_ACTIVE,266.154678125595,4.695618594604959
CPU_CLK_THREAD_UNHALTED.REF_XCLK_ANY,535.2672388910992,14.910907243700267
CPU_CLK_UNHALTED.REF_TSC,29054.521772607044,811.6471742751401
CPU_CLK_UNHALTED.REF_TSC:SUP,629.7248371514888,636.6056398818622
CPU_CLK_UNHALTED.RING0_TRANS,0.046656118494555934,0.03455090957564006
CPU_CLK_UNHALTED.THREAD,30102.311734648123,402.670857163961
CPU_CLK_UNHALTED.THREAD:SUP,647.0768174692778,372.642614391051
CPU_CLK_UNHALTED.THREAD_ANY,60363.57861727286,848.2668399635801
CPU_CLK_UNHALTED.THREAD_P,30195.231500777918,395.72827219959873
CYCLE_ACTIVITY.STALLS_L1D_MISS,102.00358912575527,26.979453303258808
CYCLE_ACTIVITY.STALLS_L2_MISS,69.037307979952,22.748440546904273
CYCLE_ACTIVITY.STALLS_L3_MISS,14.912643079292405,5.730078249905298
CYCLE_ACTIVITY.STALLS_MEM_ANY,321.43493419697535,110.79186833452832
DSB2MITE_SWITCHES.PENALTY_CYCLES,15.318675461144935,1.1230056951824838
DTLB_LOAD_MISSES.STLB_HIT,0.5491237752411278,0.16811459911517684
DTLB_LOAD_MISSES.WALK_ACTIVE,24.43900482462747,16.611019814969506
DTLB_LOAD_MISSES.WALK_COMPLETED,0.3199731482126308,0.28656509122713764
DTLB_LOAD_MISSES.WALK_COMPLETED_1G,0.008711979993553533,0.006665433161270294
DTLB_LOAD_MISSES.WALK_COMPLETED_2M_4M,0.03340805698549309,0.026330078810600475
DTLB_STORE_MISSES.STLB_HIT,0.13029999272010923,0.02954467846460575
DTLB_STORE_MISSES.WALK_ACTIVE,4.43027801744862,2.5009079216198997
DTLB_STORE_MISSES.WALK_COMPLETED,0.037179211760268206,0.024300531055590373
EPT.WALK_PENDING,0.0,0.0
EXE_ACTIVITY.1_PORTS_UTIL,1176.7224032921604,91.37997582842578
EXE_ACTIVITY.2_PORTS_UTIL,3409.0288623665933,86.00078535355703
EXE_ACTIVITY.BOUND_ON_STORES,7.95442081863232,4.979303875945947
EXE_ACTIVITY.EXE_BOUND_0_PORTS,52.74206536588287,27.057293391596918
FP_ARITH_INST_RETIRED.128B_PACKED_DOUBLE,0.0,0.0
FP_ARITH_INST_RETIRED.128B_PACKED_SINGLE,0.0,0.0
FP_ARITH_INST_RETIRED.256B_PACKED_DOUBLE,0.0,0.0
FP_ARITH_INST_RETIRED.256B_PACKED_SINGLE,0.0,0.0
FP_ARITH_INST_RETIRED.512B_PACKED_DOUBLE,0.0,0.0
FP_ARITH_INST_RETIRED.512B_PACKED_SINGLE,0.0,0.0
FP_ARITH_INST_RETIRED.SCALAR_DOUBLE,0.0019235132210262942,3.0054894078535847e-05
FP_ARITH_INST_RETIRED.SCALAR_SINGLE,0.0,0.0
ICACHE_16B.IFDATA_STALL,43.35884550899606,20.815468004826005
ICACHE_16B.IFDATA_STALL:c1:e1,4.330024300960111,2.3274616154930188
ICACHE_64B.IFTAG_STALL,18.126869801948445,12.596621523575003
IDI_MISC.WB_DOWNGRADE,0.13295329402554062,0.001411919972705284
IDI_MISC.WB_UPGRADE,1.5298002700009334,0.06997265098774007
IDQ.DSB_UOPS,95304.74829861932,10.988714172369097
IDQ.MITE_UOPS,179.02679885937349,44.53806440688592
IDQ.MS_SWITCHES,14.045611828109605,7.427455800821313
IDQ.MS_UOPS,91.82029602191677,50.09084589678719
IDQ_UOPS_NOT_DELIVERED.CORE,1446.0895529487605,1095.477189073524
IDQ_UOPS_NOT_DELIVERED.CYCLES_0_UOPS_DELIV.CORE,120.8178669611641,50.55647132831329
INST_RETIRED.ANY,112273.80149314352,93.03711863741786
INST_RETIRED.ANY:SUP,89.45317648552147,35.5688445687978
INT_MISC.CLEAR_RESTEER_CYCLES,66.15587798412976,21.48976840099998
INT_MISC.RECOVERY_CYCLES_ANY,130.87569270439369,18.538675886323443
ITLB_MISSES.STLB_HIT,0.0569666846253365,0.03520784544372551
ITLB_MISSES.WALK_ACTIVE,6.481739745675324,3.776710757958087
ITLB_MISSES.WALK_COMPLETED,0.14479932632144238,0.09993309318776103
ITLB_MISSES.WALK_COMPLETED_2M_4M,0.045076555338225646,0.040937714813086105
ITLB_MISSES.WALK_COMPLETED_4K,0.09970774796860643,0.05898786686736977
L1D.REPLACEMENT,6301.5307404784,1.5747885784632034
L1D_PEND_MISS.PENDING,41042.022953158565,57.582657212556896
L1D_PEND_MISS.PENDING_CYCLES_ANY,45126.489796726935,55.21014446989799
L2_LINES_IN.ALL,12.549680875036225,6.39499434069574
L2_LINES_IN.F,0.2951192832232381,0.26484023560518155
L2_LINES_OUT.NON_SILENT,1.8165552082872796,0.11392241524450236
L2_LINES_OUT.SILENT,24.56936769056596,9.722713748639826
L2_LINES_OUT.USELESS_HWPF,0.004423331631833907,0.001381821766141662
L2_RQSTS.ALL_CODE_RD,9.246754822092011,4.37908604378096
L2_RQSTS.ALL_PF,998.4980590052276,1.077635359363147
L2_RQSTS.CODE_RD_HIT,2.1396032587553266,0.5794783862342459
L2_RQSTS.CODE_RD_MISS,7.043129811279804,3.5985507589178987
LD_BLOCKS.STORE_FORWARD,0.2787819636454808,0.044678426463418644
LSD.UOPS,0.0,0.0
MACHINE_CLEARS.COUNT,0.14416617707652313,0.10477089611426073
MACHINE_CLEARS.MEMORY_ORDERING,0.008819235212336412,0.005736548408758272
MACHINE_CLEARS.SMC,0.0,0.0
MEM_INST_RETIRED.ALL_LOADS,36070.07784880965,177.25879621815062
MEM_INST_RETIRED.ALL_STORES,18038.39245902565,119.6085650714452
MEM_INST_RETIRED.LOCK_LOADS,0.4751064757602823,0.12688787227554646
MEM_LOAD_L3_HIT_RETIRED.XSNP_HIT,0.005467736383744221,5.25743883052329e-05
MEM_LOAD_L3_HIT_RETIRED.XSNP_HITM,0.07293569783315952,0.003304675836328926
MEM_LOAD_L3_HIT_RETIRED.XSNP_MISS,0.0404447258605256,0.006436607253940658
MEM_LOAD_L3_MISS_RETIRED.LOCAL_DRAM,0.003632065068493818,0.002920212671996143
MEM_LOAD_L3_MISS_RETIRED.REMOTE_DRAM,0.0010192432040762162,0.0010839570583032778
MEM_LOAD_L3_MISS_RETIRED.REMOTE_PMM,0.0,0.0
MEM_LOAD_RETIRED.FB_HIT,1881.3833297667566,0.46637426736058146
MEM_LOAD_RETIRED.L1_HIT,29978.903341425525,9.890191066496689
MEM_LOAD_RETIRED.L1_MISS,4202.358441145997,0.6253702749179421
MEM_LOAD_RETIRED.L2_HIT,4200.328233197127,0.18961856725906684
MEM_LOAD_RETIRED.L2_MISS,0.9642637660370827,0.4256386534761465
MEM_LOAD_RETIRED.L3_HIT,0.9279380697967972,0.3583687255233754
MEM_LOAD_RETIRED.L3_MISS,0.06114038186045263,0.05618995654456144
MEM_LOAD_RETIRED.LOCAL_PMM,0.0,0.0
MSR_EVENT:msr=0x34:type=FREERUN:scope=PACKAGE,0.0,0.0
MSR_EVENT:msr=0x3F9:type=FREERUN:scope=PACKAGE,0.0,0.0
MSR_EVENT:msr=0x3FD:type=FREERUN:scope=THREAD,1501924.332453712,1579587.9254730314
MSR_EVENT:msr=0x60D:type=FREERUN:scope=PACKAGE,0.0,27301.505296476043
MSR_EVENT:msr=0x611:type=FREERUN:scope=PACKAGE,9.5824597970222,7.68302744943873
MSR_EVENT:msr=0x619:type=FREERUN:scope=PACKAGE,14.232071265228555,13.937196025075712
OCR.ALL_READS.L3_MISS_LOCAL_DRAM.ANY_SNOOP,0.0434147371199182,0.007847846443576287
OCR.ALL_READS.L3_MISS_LOCAL_DRAM.ANY_SNOOP:ocr_msr_val=0x3f804007f7,0.0,0.0
OCR.ALL_READS.L3_MISS_LOCAL_DRAM.ANY_SNOOP:ocr_msr_val=0x3f838007f7,0.0,0.0
OCR.ALL_READS.L3_MISS_LOCAL_DRAM.ANY_SNOOP:ocr_msr_val=0x3fB80007f7,0.12642918170105918,0.11252084522880718
OFFCORE_REQUESTS.DEMAND_DATA_RD,1.5664115494180504,0.9188537851740936
OFFCORE_REQUESTS.L3_MISS_DEMAND_DATA_RD,0.08621192934740848,0.05661342655464464
OFFCORE_REQUESTS.MEM_UC,0.00022646704790837467,0.00022646704790837467
OFFCORE_REQUESTS_BUFFER.SQ_FULL,31.592010017629654,5.1708563236114715
OFFCORE_REQUESTS_OUTSTANDING.CYCLES_WITH_DEMAND_DATA_RD,183.49746309745532,91.50458015181857
OFFCORE_REQUESTS_OUTSTANDING.CYCLES_WITH_DEMAND_RFO,46.50717258981821,19.06424339088663
OFFCORE_REQUESTS_OUTSTANDING.CYCLES_WITH_L3_MISS_DEMAND_DATA_RD,18.399190890963833,7.252294099793202
OFFCORE_REQUESTS_OUTSTANDING.DEMAND_DATA_RD,278.3419886923284,124.00091626684227
OFFCORE_REQUESTS_OUTSTANDING.DEMAND_DATA_RD_GE_6,2.0010610122051316,0.5047670015163579
OFFCORE_REQUESTS_OUTSTANDING.L3_MISS_DEMAND_DATA_RD,26.915861531016315,8.498998659065068
OFFCORE_REQUESTS_OUTSTANDING.L3_MISS_DEMAND_DATA_RD_GE_6,0.09489745887896862,0.07849876914475548
OFFCORE_RESPONSE:request=ALL_READS:response=L3_HIT.HITM_OTHER_CORE,0.11196369086412966,0.0037609706170497943
OFFCORE_RESPONSE:request=ALL_READS:response=L3_HIT.HIT_OTHER_CORE_FWD,0.037876613762675676,0.030047324392128993
OFFCORE_RESPONSE:request=ALL_READS:response=L3_MISS.REMOTE_HITM,0.05120632027232122,0.06037458210363287
OFFCORE_RESPONSE:request=ALL_READS:response=L3_MISS.REMOTE_HIT_FORWARD,0.038857893480987137,0.04454658550871181
QPI,0.0,0.0
ROB_MISC_EVENTS.PAUSE_INST,1.4877955652368062,0.029331309969032736
SW_PREFETCH_ACCESS.NTA,0.0,0.0
TSC,1591578.9473684211,1591578.9473684211
UNC_CHA_CLOCKTICKS,707572.0979143471,678867.5000764857
UNC_CHA_DEBUG_PIPE.VALID,34.95374847749064,27.179212082982385
UNC_CHA_DIR_LOOKUP.NO_SNP,0.03102521535125253,0.00515334085495381
UNC_CHA_DIR_LOOKUP.SNP,0.04299208412959279,0.03538977954473381
UNC_CHA_DIR_UPDATE.HA,0.014142510454107651,0.0039956535111977
UNC_CHA_DIR_UPDATE.TOR,0.07094538170446141,0.047715012700449234
UNC_CHA_FAST_ASSERTED.HORZ:u0x1,0.6347943745768015,3.49610934999454
UNC_CHA_HITME_HIT.EX_RDS,0.004894003456677514,0.007984101507009431
UNC_CHA_LLC_VICTIMS.TOTAL_E,0.002095081539768211,0.0009464267959570685
UNC_CHA_LLC_VICTIMS.TOTAL_F,0.0,0.0
UNC_CHA_LLC_VICTIMS.TOTAL_M,0.008380326159072846,0.003510677174746732
UNC_CHA_LLC_VICTIMS.TOTAL_S,0.005112322521751002,0.008129563503733792
UNC_CHA_MISC.RFO_HIT_S,0.02697737174108298,0.013105655258404736
UNC_CHA_PMM_MEMMODE_NM_SETCONFLICTS.TOR_REJECT,0.0,0.0
UNC_CHA_REQUESTS.INVITOE_LOCAL,0.012220338484311519,1.5021928069221288e-05
UNC_CHA_REQUESTS.INVITOE_REMOTE,0.0,0.0
UNC_CHA_REQUESTS.READS,0.10271898244415566,0.07100550762812935
UNC_CHA_REQUESTS.READS_LOCAL,0.09696024894019986,0.05834761727182197
UNC_CHA_REQUESTS.WRITES,0.095326450951718,0.045406643105629134
UNC_CHA_REQUESTS.WRITES_LOCAL,0.012099810845390309,0.003558767895703031
UNC_CHA_RxC_INSERTS.IPQ,0.02463998486255866,0.10034729586513522
UNC_CHA_RxC_INSERTS.IRQ,22.605161702154287,12.353826617776127
UNC_CHA_RxC_INSERTS.PRQ,0.021628514600478183,0.0
UNC_CHA_RxC_INSERTS.RRQ,0.07046832502071104,0.1116092697573044
UNC_CHA_RxC_INSERTS.WBQ,0.00026285744172704754,0.00649633391696846
UNC_CHA_RxC_IPQ0_REJECT.AD_RSP_VN0,0.0,0.0
UNC_CHA_RxC_IRQ1_REJECT.PA_MATCH,0.45296462266231585,3.3539572799530215
UNC_CHA_RxC_OCCUPANCY.IRQ,186.72468904137097,171.47657668380148
UNC_CHA_RxC_OCCUPANCY.IRQ:t=18,0.027253430376783107,0.12674459753898276
UNC_CHA_SF_EVICTION.E_STATE,8.087835588261017e-06,0.0
UNC_CHA_SF_EVICTION.M_STATE,1.6175671176522034e-05,0.0
UNC_CHA_SF_EVICTION.S_STATE,0.0,0.0
UNC_CHA_SNOOP_RESP.RSPCNFLCTS,6.0123518732220556e-05,0.0
UNC_CHA_SNOOP_RESP.RSPIFWD,0.023251226366654647,0.011302679483790455
UNC_CHA_SNOOP_RESP.RSPS,4.853069128682262e-05,3.2353794191215084e-05
UNC_CHA_SNOOP_RESP.RSPSFWD,0.014648180320072632,0.0031625833821912748
UNC_CHA_SNOOP_RESP.RSP_FWD_WB,0.011287659311718972,0.029679860013249085
UNC_CHA_TOR_INSERTS.IA:filter1=0x40033,0.7826082823990198,0.6109416945586944
UNC_CHA_TOR_INSERTS.IA:filter1=0x40233,8.843583530444906,6.878409496433267
UNC_CHA_TOR_INSERTS.IA:filter1=0x40433,3.2338296554810992,3.1349263175311393
UNC_CHA_TOR_INSERTS.IA_HIT:filter1=0x12C4B433,0.0,0.0
UNC_CHA_TOR_INSERTS.IA_HIT:filter1=0x49033,0.02169321900520972,0.013256967169850383
UNC_CHA_TOR_INSERTS.IA_MISS:filter1=0x12C40031,0.014166696756894345,0.024592664465573753
UNC_CHA_TOR_INSERTS.IA_MISS:filter1=0x12C40033,0.32487873439484,0.24450387668534954
UNC_CHA_TOR_INSERTS.IA_MISS:filter1=0x12C4B433,0.0,0.0
UNC_CHA_TOR_INSERTS.IA_MISS:filter1=0x12CC0233,0.0010515349648454904,0.0
UNC_CHA_TOR_INSERTS.IA_MISS:filter1=0x12D40433,0.8033053185006944,1.8419791929573461
UNC_CHA_TOR_INSERTS.IA_MISS:filter1=0x40040e33,0.0004731408130589595,0.0
UNC_CHA_TOR_INSERTS.IA_MISS:filter1=0x40041e33,0.000525743883052329,0.000525743883052329
UNC_CHA_TOR_INSERTS.IA_MISS:filter1=0x40431,0.03755163739922898,0.06464680765308356
UNC_CHA_TOR_INSERTS.IA_MISS:filter1=0x40432,0.6987988284965174,1.0938178150942337
UNC_CHA_TOR_INSERTS.IA_MISS:filter1=0x40433,0.9627471318109465,1.617981216248726
UNC_CHA_TOR_INSERTS.IA_MISS:filter1=0x40e33,0.00021040003669316523,7.514287024755901e-06
UNC_CHA_TOR_INSERTS.IA_MISS:filter1=0x41833,0.0,0.0
UNC_CHA_TOR_INSERTS.IA_MISS:filter1=0x41a33,0.0,3.0045005282213633e-05
UNC_CHA_TOR_INSERTS.IA_MISS:filter1=0x49033,0.6522120486521572,0.44022998911131594
UNC_CHA_TOR_INSERTS.IO:filter1=0x40031,0.0,0.0
UNC_CHA_TOR_INSERTS.IO:filter1=0x40032,0.00015030879683055142,0.0
UNC_CHA_TOR_INSERTS.IO:filter1=0x49031,0.0,0.0
UNC_CHA_TOR_INSERTS.IO:filter1=0x49032,0.002404037480178723,0.0
UNC_CHA_TOR_INSERTS.IO_HIT:filter1=0x40033,7.515067888555659e-05,4.509040733133395e-05
UNC_CHA_TOR_INSERTS.IO_HIT:filter1=0x43c33,1.502431736138137e-05,0.0
UNC_CHA_TOR_INSERTS.IO_HIT:filter1=0x49033,0.0,0.0
UNC_CHA_TOR_INSERTS.IO_MISS:filter1=0x40033,1.5030135777111314e-05,0.0
UNC_CHA_TOR_INSERTS.IO_MISS:filter1=0x43c33,0.012981010200233506,0.0
UNC_CHA_TOR_INSERTS.IO_MISS:filter1=0x49033,0.0014422094025894555,0.0
UNC_CHA_TOR_OCCUPANCY.IA_MISS:filter1=0x12C40031,5.657544713756475,9.201877975436021
UNC_CHA_TOR_OCCUPANCY.IA_MISS:filter1=0x12C40033,31.011838703220224,25.145728187525204
UNC_CHA_TOR_OCCUPANCY.IA_MISS:filter1=0x12CC0233,0.32166454574623554,0.004363870104108784
UNC_CHA_TOR_OCCUPANCY.IA_MISS:filter1=0x12D40433,54.50687084395486,74.216950208138
UNC_CHA_TOR_OCCUPANCY.IA_MISS:filter1=0x40431,13.062884306126065,22.311539354251593
UNC_CHA_TOR_OCCUPANCY.IA_MISS:filter1=0x40432,28.612574739153942,35.9767375921296
UNC_CHA_TOR_OCCUPANCY.IA_MISS:filter1=0x40433,53.47170163666555,67.39580503916095
UNC_IIO_PAYLOAD_BYTES_IN.MEM_READ.PART0,0.00024036813161220524,0.0
UNC_IIO_PAYLOAD_BYTES_IN.MEM_READ.PART1,3.43946382371769,0.0
UNC_IIO_PAYLOAD_BYTES_IN.MEM_READ.PART2,0.0,0.0
UNC_IIO_PAYLOAD_BYTES_IN.MEM_READ.PART3,0.0,0.0
UNC_IIO_PAYLOAD_BYTES_IN.MEM_WRITE.PART0,0.00034552918919254506,0.0
UNC_IIO_PAYLOAD_BYTES_IN.MEM_WRITE.PART1,0.006330453547547182,0.0
UNC_IIO_PAYLOAD_BYTES_IN.MEM_WRITE.PART2,0.0,0.0
UNC_IIO_PAYLOAD_BYTES_IN.MEM_WRITE.PART3,0.0,0.0
UNC_M2M_DIRECT2CORE_NOT_TAKEN_DIRSTATE,0.029584435353288002,0.029568251307689926
UNC_M2M_DIRECT2CORE_TAKEN,0.01946704579897377,0.0027428630614514168
UNC_M2M_DIRECT2CORE_TXN_OVERRIDE,0.029584435353288002,0.029568251307689926
UNC_M2M_DIRECT2UPI_NOT_TAKEN_CREDITS,0.0,0.0
UNC_M2M_DIRECT2UPI_NOT_TAKEN_DIRSTATE,0.0,0.0
UNC_M2M_DIRECT2UPI_TAKEN,0.0006472833183366175,0.015510526515641198
UNC_M2M_DIRECT2UPI_TXN_OVERRIDE,0.0,0.0026528997040695325
UNC_M2M_DIRECTORY_LOOKUP.ANY,0.17419631407646954,0.12303544094165404
UNC_M2M_DIRECTORY_LOOKUP.STATE_A,0.06513773527572735,0.07156664123629725
UNC_M2M_DIRECTORY_LOOKUP.STATE_I,0.06707541954888978,0.024078355735498894
UNC_M2M_DIRECTORY_LOOKUP.STATE_S,0.041983159251852406,0.027390443969857917
UNC_M2M_DIRECTORY_UPDATE.A2I,0.021901858773010836,0.013797847513573294
UNC_M2M_DIRECTORY_UPDATE.A2S,0.0,0.0
UNC_M2M_DIRECTORY_UPDATE.ANY,0.03243088695742795,0.02972706127315883
UNC_M2M_DIRECTORY_UPDATE.I2A,0.00016175671176522034,8.89661914708712e-05
UNC_M2M_DIRECTORY_UPDATE.I2S,0.0,0.0
UNC_M2M_DIRECTORY_UPDATE.S2A,0.002529890314790354,0.010952848573528564
UNC_M2M_DIRECTORY_UPDATE.S2I,0.010172110909617001,0.00840043697997153
UNC_M2M_IMC_WRITES.NI,0.0,0.0
UNC_M2M_PREFCAM_DEMAND_PROMOTIONS,0.003445534371748844,0.011946136777166765
UNC_M2M_PREFCAM_INSERTS,0.04808380713626027,0.05447341313081798
UNC_M2M_RxC_AD_INSERTS,0.16466959709884904,0.12127738968163969
UNC_M2M_RxC_AD_OCCUPANCY,0.018677123545621267,0.03072300459394315
UNC_M2M_RxC_BL_INSERTS,0.2939450312421239,0.228165809233239
UNC_M2M_RxC_BL_OCCUPANCY,2.6954686518864,2.081338995647267
UNC_M2M_TAG_HIT.NM_RD_HIT_CLEAN,0.12804094594172524,0.09652103093011702
UNC_M2M_TAG_HIT.NM_RD_HIT_DIRTY,0.001275098738896488,0.0005494755390296205
UNC_M2M_TxC_AD_INSERTS,0.0,0.0
UNC_M2M_TxC_AD_OCCUPANCY,0.0,0.0
UNC_M2M_TxC_BL_INSERTS.ALL,0.1471512152805591,0.11563556827198024
UNC_M2M_TxC_BL_OCCUPANCY.ALL,1.159178824610458,0.9876223970545183
UNC_M3UPI_CLOCKTICKS,76055.09774431084,72864.85541777938
UNC_M3UPI_RxC_FLITS_SENT.1_MSG,0.40423659625965086,0.2679001759971007
UNC_M3UPI_RxC_FLITS_SENT.1_MSG_VNX,0.0,0.0
UNC_M3UPI_RxC_FLITS_SENT.2_MSGS,0.003284240336216646,0.010103488127917712
UNC_M3UPI_RxC_FLITS_SENT.3_MSGS,1.617852382372732e-05,0.0002912134288270918
UNC_M3UPI_RxC_OCCUPANCY_VN0.BL_RSP:u0x7f,1.7541739476852543,1.577196065629797
UNC_M3UPI_RxC_OCCUPANCY_VN0.BL_RSP:u0x7f:t=1,1.553416608064441,1.3098786217165999
UNC_M3UPI_RxC_OCCUPANCY_VN0.BL_RSP:u0x7f:t=10,0.0,0.0006533208287504208
UNC_M3UPI_RxC_OCCUPANCY_VN0.BL_RSP:u0x7f:t=30,0.0,0.0
UNC_M3UPI_RxC_OCCUPANCY_VN0.BL_RSP:u0x7f:t=50,0.0,0.0
UNC_M3UPI_TxC_AD_FLQ_OCCUPANCY.VN0_SNP:t=10,0.0,0.0
UNC_M3UPI_UPI_PREFETCH_SPAWN,0.16199673223417274,0.08342075471882059
UNC_M_CAS_COUNT.RD,1.277581378437465,1.1053078046346982
UNC_M_CAS_COUNT.RD_UNDERFILL,0.8036720451285324,0.8041301490836119
UNC_M_CAS_COUNT.WR,1.182782828078218,1.0017472012794915
UNC_M_CLOCKTICKS,84371.90218763084,84426.53829961353
UNC_M_PMM_RPQ_INSERTS,0.0,0.0
UNC_M_PMM_RPQ_OCCUPANCY.ALL,0.0,0.0
UNC_M_PMM_RPQ_OCCUPANCY.ALL:t=1,0.0,0.0
UNC_M_PMM_RPQ_OCCUPANCY.ALL:t=10,0.0,0.0
UNC_M_PMM_RPQ_OCCUPANCY.ALL:t=1:e1,0.0,0.0
UNC_M_PMM_RPQ_OCCUPANCY.ALL:t=24,0.0,0.0
UNC_M_PMM_RPQ_OCCUPANCY.ALL:t=36,0.0,0.0
UNC_M_PMM_RPQ_OCCUPANCY.ALL:t=36:e1,0.0,0.0
UNC_M_PMM_WPQ_INSERTS,0.0,0.0
UNC_M_PMM_WPQ_OCCUPANCY.ALL,0.0,0.0
UNC_M_PMM_WPQ_OCCUPANCY.ALL:t=1,0.0,0.0
UNC_M_PMM_WPQ_OCCUPANCY.ALL:t=10,0.0,0.0
UNC_M_PMM_WPQ_OCCUPANCY.ALL:t=1:e1,0.0,0.0
UNC_M_PMM_WPQ_OCCUPANCY.ALL:t=20,0.0,0.0
UNC_M_PMM_WPQ_OCCUPANCY.ALL:t=30,0.0,0.0
UNC_M_PMM_WPQ_OCCUPANCY.ALL:t=30:e1,0.0,0.0
UNC_M_POWER_CHANNEL_PPD,0.0,0.0
UNC_M_POWER_SELF_REFRESH,0.0,0.0
UNC_M_PRE_COUNT.PAGE_MISS,2.086988836009958,1.8893250610068872
UNC_M_PRE_COUNT.RD:u0xc,2.0880328777987933,1.8893813941969324
UNC_M_RPQ_INSERTS,0.30271040012461314,0.15697082250709174
UNC_M_RPQ_OCCUPANCY,9.748949619960635,7.774772010851729
UNC_M_RPQ_OCCUPANCY:t=1,7.720675286899474,5.460989504126984
UNC_M_RPQ_OCCUPANCY:t=10,0.0003980963199893306,0.004221323242151015
UNC_M_RPQ_OCCUPANCY:t=1:e1,0.21041286015461536,0.13508973481418698
UNC_M_RPQ_OCCUPANCY:t=20,0.0,0.0
UNC_M_RPQ_OCCUPANCY:t=40,0.0,0.0
UNC_M_RPQ_OCCUPANCY:t=40:e1,0.0,0.0
UNC_M_WPQ_INSERTS,1.0700492025053066,0.9455196752780802
UNC_M_WPQ_OCCUPANCY,1301207.516449333,222277.5835537089
UNC_UPI_CLOCKTICKS,40082.65723625648,40103.56317869762
UNC_UPI_DIRECT_ATTEMPTS.D2C,0.18318927013074196,0.18382846240759934
UNC_UPI_DIRECT_ATTEMPTS.D2K,0.0,0.0
UNC_UPI_L1_POWER_CYCLES,12657.4664120891,12664.011689999028
UNC_UPI_RxL0P_POWER_CYCLES,27274.06509639199,0.0
UNC_UPI_RxL_FLITS.ALL_DATA,1.4922864589095322,1.6461566722251473
UNC_UPI_RxL_FLITS.NON_DATA,2.050701568980113,2.4820218506362437
UNC_UPI_TxL0P_POWER_CYCLES,0.0,27288.33064593599
UNC_UPI_TxL_FLITS.ALL_DATA,1.3433596577592584,1.4863423701668863
UNC_UPI_TxL_FLITS.ALL_NULL,4.073283978278052,3.6574510156784843
UNC_UPI_TxL_FLITS.IDLE,64963.47752282149,31002.501989227236
UNC_UPI_TxL_FLITS.NON_DATA,2.413112120568839,2.253189171027608
UNC_UPI_TxL_FLITS.NON_DATA:u0x87,0.5594732891844687,0.5947187170137554
UOPS_EXECUTED.CORE_CYCLES_GE_1,58226.591539836925,110.76816514622297
UOPS_EXECUTED.CORE_CYCLES_GE_2,55465.803119591874,69.13404808535189
UOPS_EXECUTED.CORE_CYCLES_GE_3,48457.85503202575,39.42180576076458
UOPS_EXECUTED.CORE_CYCLES_NONE,2758.8508913928567,348.43210910842146
UOPS_EXECUTED.THREAD,104083.34280639832,95.90478462433995
UOPS_EXECUTED.X87,0.18660202162835668,0.06576894924944697
UOPS_ISSUED.ANY,95199.88946853328,118.66935479726926
UOPS_ISSUED.VECTOR_WIDTH_MISMATCH,0.0,0.0
UOPS_RETIRED.RETIRE_SLOTS,94891.34728880558,93.6912147157467
